name,price,link,category,brand
van gogh cafe terrace at night dolma kalem kp12-18-fp,13160,https://www.alwaysfashion.com/tr/visconti-van-gogh-cafe-terrace-at-night-dolma-kalem-kp12-18-fp,Fountain Pen,Visconti
mirage horn tükenmez kalem kp09-03-bp,6580,https://www.alwaysfashion.com/tr/visconti-mirage-horn-tukenmez-kalem-kp09-03-bp,Ballpoint Pen,Visconti
rembrandt mavi roller kalem kp10-02-rb,7990,https://www.alwaysfashion.com/tr/visconti-rembrandt-mavi-roller-kalem-kp10-02-rb,Rollerball Pen,Visconti
rembrandt eco-logic siyah dolma kalem kp10-10-01-fp,7990,https://www.alwaysfashion.com/tr/visconti-rembrandt-eco-logic-siyah-dolma-kalem-kp10-10-01-fp,Fountain Pen,Visconti
van gogh old vineyard roller kalem kp12-16-rb,11750,https://www.alwaysfashion.com/tr/visconti-van-gogh-old-vineyard-roller-kalem-kp12-16-rb,Rollerball Pen,Visconti
van gogh old vineyard set dolma kalem kp12-16-fp,13160,https://www.alwaysfashion.com/tr/visconti-van-gogh-old-vineyard-set-dolma-kalem-kp12-16-fp,Fountain Pen,Visconti
van gogh wheatfield crows set dolma kalem kp12-12-fp,13630,https://www.alwaysfashion.com/tr/visconti-van-gogh-wheatfield-crows-set-dolma-kalem-kp12-12-fp,Fountain Pen,Visconti
rembrandt red dolma kalem kp10-03-fp,8460,https://www.alwaysfashion.com/tr/visconti-rembrandt-red-dolma-kalem-kp10-03-fp,Fountain Pen,Visconti
mavi tükenmez kalem refill 1.0b a3817,235,https://www.alwaysfashion.com/tr/visconti-mavi-tukenmez-kalem-refill-10b-a3817,Ballpoint Pen,Visconti
siyah tükenmez kalem refill 1.0b a3802,235,https://www.alwaysfashion.com/tr/visconti-siyah-tukenmez-kalem-refill-10b-a3802,Ballpoint Pen,Visconti
van gogh starry night dolma kalem kp12-04-fp,13160,https://www.alwaysfashion.com/tr/visconti-van-gogh-starry-night-dolma-kalem-kp12-04-fp,Fountain Pen,Visconti
van gogh portrait blu dolma kalem kp12-01-fp,13160,https://www.alwaysfashion.com/tr/visconti-van-gogh-portrait-blu-dolma-kalem-kp12-01-fp,Fountain Pen,Visconti
van gogh souvenir de mauve rollerball kalem kp12-10-rb,11750,https://www.alwaysfashion.com/tr/visconti-van-gogh-souvenir-de-mauve-rollerball-kalem-kp12-10-rb,Other,Visconti
van gogh souvenir de mauve dolma kalem kp12-10-fp,13160,https://www.alwaysfashion.com/tr/visconti-van-gogh-souvenir-de-mauve-dolma-kalem-kp12-10-fp,Fountain Pen,Visconti
rembrandt red rollerball kalem kp10-03-rb,7990,https://www.alwaysfashion.com/tr/visconti-rembrandt-red-rollerball-kalem-kp10-03-rb,Other,Visconti
rembrandt red tükenmez kalem kp10-03-bp,7520,https://www.alwaysfashion.com/tr/visconti-rembrandt-red-tukenmez-kalem-kp10-03-bp,Ballpoint Pen,Visconti
deri kalem kılıfı 12'li kahverengi kl11-04,11280,https://www.alwaysfashion.com/tr/visconti-deri-kalem-kilifi-12li-kahverengi-kl11-04,Other,Visconti
deri kalem kılıfı 12'li gri kl11-03,11280,https://www.alwaysfashion.com/tr/visconti-deri-kalem-kilifi-12li-gri-kl11-03,Other,Visconti
deri kalem kılıfı 6'lı kahverengi kl09-04,9870,https://www.alwaysfashion.com/tr/visconti-deri-kalem-kilifi-6li-kahverengi-kl09-04,Other,Visconti
deri kalem kılıfı 6'lı gri kl09-03,9870,https://www.alwaysfashion.com/tr/visconti-deri-kalem-kilifi-6li-gri-kl09-03,Other,Visconti
deri kalem kılıfı 3'lü gri kl07-03,7990,https://www.alwaysfashion.com/tr/visconti-deri-kalem-kilifi-3lu-gri-kl07-03,Other,Visconti
deri kalem kılıfı 2'li gri kl06-03,7050,https://www.alwaysfashion.com/tr/visconti-deri-kalem-kilifi-2li-gri-kl06-03,Other,Visconti
deri kalem kılıfı 2'li siyah kl06-01,7050,https://www.alwaysfashion.com/tr/visconti-deri-kalem-kilifi-2li-siyah-kl06-01,Other,Visconti
deri küçük kartlık kahverengi kl03-04,5640,https://www.alwaysfashion.com/tr/visconti-deri-kucuk-kartlik-kahverengi-kl03-04,Other,Visconti
van gogh cafe terrace at night dolma kalem kp12-18-fp,13160,https://www.alwaysfashion.com/tr/visconti-van-gogh-cafe-terrace-at-night-dolma-kalem-kp12-18-fp,Fountain Pen,Visconti
mirage horn tükenmez kalem kp09-03-bp,6580,https://www.alwaysfashion.com/tr/visconti-mirage-horn-tukenmez-kalem-kp09-03-bp,Ballpoint Pen,Visconti
rembrandt mavi roller kalem kp10-02-rb,7990,https://www.alwaysfashion.com/tr/visconti-rembrandt-mavi-roller-kalem-kp10-02-rb,Rollerball Pen,Visconti
rembrandt eco-logic siyah dolma kalem kp10-10-01-fp,7990,https://www.alwaysfashion.com/tr/visconti-rembrandt-eco-logic-siyah-dolma-kalem-kp10-10-01-fp,Fountain Pen,Visconti
van gogh old vineyard roller kalem kp12-16-rb,11750,https://www.alwaysfashion.com/tr/visconti-van-gogh-old-vineyard-roller-kalem-kp12-16-rb,Rollerball Pen,Visconti
van gogh old vineyard set dolma kalem kp12-16-fp,13160,https://www.alwaysfashion.com/tr/visconti-van-gogh-old-vineyard-set-dolma-kalem-kp12-16-fp,Fountain Pen,Visconti
van gogh wheatfield crows set dolma kalem kp12-12-fp,13630,https://www.alwaysfashion.com/tr/visconti-van-gogh-wheatfield-crows-set-dolma-kalem-kp12-12-fp,Fountain Pen,Visconti
rembrandt red dolma kalem kp10-03-fp,8460,https://www.alwaysfashion.com/tr/visconti-rembrandt-red-dolma-kalem-kp10-03-fp,Fountain Pen,Visconti
mavi tükenmez kalem refill 1.0b a3817,235,https://www.alwaysfashion.com/tr/visconti-mavi-tukenmez-kalem-refill-10b-a3817,Ballpoint Pen,Visconti
siyah tükenmez kalem refill 1.0b a3802,235,https://www.alwaysfashion.com/tr/visconti-siyah-tukenmez-kalem-refill-10b-a3802,Ballpoint Pen,Visconti
van gogh starry night dolma kalem kp12-04-fp,13160,https://www.alwaysfashion.com/tr/visconti-van-gogh-starry-night-dolma-kalem-kp12-04-fp,Fountain Pen,Visconti
van gogh portrait blu dolma kalem kp12-01-fp,13160,https://www.alwaysfashion.com/tr/visconti-van-gogh-portrait-blu-dolma-kalem-kp12-01-fp,Fountain Pen,Visconti
van gogh souvenir de mauve rollerball kalem kp12-10-rb,11750,https://www.alwaysfashion.com/tr/visconti-van-gogh-souvenir-de-mauve-rollerball-kalem-kp12-10-rb,Other,Visconti
van gogh souvenir de mauve dolma kalem kp12-10-fp,13160,https://www.alwaysfashion.com/tr/visconti-van-gogh-souvenir-de-mauve-dolma-kalem-kp12-10-fp,Fountain Pen,Visconti
rembrandt red rollerball kalem kp10-03-rb,7990,https://www.alwaysfashion.com/tr/visconti-rembrandt-red-rollerball-kalem-kp10-03-rb,Other,Visconti
rembrandt red tükenmez kalem kp10-03-bp,7520,https://www.alwaysfashion.com/tr/visconti-rembrandt-red-tukenmez-kalem-kp10-03-bp,Ballpoint Pen,Visconti
deri kalem kılıfı 12'li kahverengi kl11-04,11280,https://www.alwaysfashion.com/tr/visconti-deri-kalem-kilifi-12li-kahverengi-kl11-04,Other,Visconti
deri kalem kılıfı 12'li gri kl11-03,11280,https://www.alwaysfashion.com/tr/visconti-deri-kalem-kilifi-12li-gri-kl11-03,Other,Visconti
deri kalem kılıfı 6'lı kahverengi kl09-04,9870,https://www.alwaysfashion.com/tr/visconti-deri-kalem-kilifi-6li-kahverengi-kl09-04,Other,Visconti
deri kalem kılıfı 6'lı gri kl09-03,9870,https://www.alwaysfashion.com/tr/visconti-deri-kalem-kilifi-6li-gri-kl09-03,Other,Visconti
deri kalem kılıfı 3'lü gri kl07-03,7990,https://www.alwaysfashion.com/tr/visconti-deri-kalem-kilifi-3lu-gri-kl07-03,Other,Visconti
deri kalem kılıfı 2'li gri kl06-03,7050,https://www.alwaysfashion.com/tr/visconti-deri-kalem-kilifi-2li-gri-kl06-03,Other,Visconti
deri kalem kılıfı 2'li siyah kl06-01,7050,https://www.alwaysfashion.com/tr/visconti-deri-kalem-kilifi-2li-siyah-kl06-01,Other,Visconti
deri küçük kartlık kahverengi kl03-04,5640,https://www.alwaysfashion.com/tr/visconti-deri-kucuk-kartlik-kahverengi-kl03-04,Other,Visconti
van gogh whieltfield with crows roller kalem kp12-12-rb,11750,https://www.alwaysfashion.com/tr/visconti-van-gogh-whieltfield-with-crows-roller-kalem-kp12-12-rb,Rollerball Pen,Visconti
divina black rover roller kalem kp18-05-rb,39010,https://www.alwaysfashion.com/tr/visconti-divina-black-rover-roller-kalem-kp18-05-rb,Rollerball Pen,Visconti
10'lu kartuş turkuaz kr-cart-25,188,https://www.alwaysfashion.com/tr/visconti-10lu-kartus-turkuaz-kr-cart-25,Other,Visconti
10'lu kartuş sepya kr-cart-23,188,https://www.alwaysfashion.com/tr/visconti-10lu-kartus-sepya-kr-cart-23,Other,Visconti
10'lu kartuş mavi kr-cart-17,188,https://www.alwaysfashion.com/tr/visconti-10lu-kartus-mavi-kr-cart-17,Other,Visconti
10'lu kartuş kırmızı kr-cart-16,188,https://www.alwaysfashion.com/tr/visconti-10lu-kartus-kirmizi-kr-cart-16,Other,Visconti
10'lu kartuş yeşil kr-cart-06,188,https://www.alwaysfashion.com/tr/visconti-10lu-kartus-yesil-kr-cart-06,Other,Visconti
van gogh mürekkep 30 ml old vineyard-gri inkvg-30ml09,658,https://www.alwaysfashion.com/tr/visconti-van-gogh-murekkep-30-ml-old-vineyard-gri-inkvg-30ml09,Other,Visconti
van gogh mürekkep 30 ml  wheatfield with crows-mavi inkvg-30ml41,658,https://www.alwaysfashion.com/tr/visconti-van-gogh-murekkep-30-ml-wheatfield-with-crows-mavi-inkvg-30ml41,Other,Visconti
van gogh mürekkep 30 ml orchard in blossom-mor inkvg-30ml43,658,https://www.alwaysfashion.com/tr/visconti-van-gogh-murekkep-30-ml-orchard-in-blossom-mor-inkvg-30ml43,Other,Visconti
van gogh mürekkep 30 ml souvenir de mauive-pembe inkvg-30ml51,658,https://www.alwaysfashion.com/tr/visconti-van-gogh-murekkep-30-ml-souvenir-de-mauive-pembe-inkvg-30ml51,Other,Visconti
van gogh mürekkep 30 ml wheatfield thunderclouds-yeşil inkvg-30ml52,658,https://www.alwaysfashion.com/tr/visconti-van-gogh-murekkep-30-ml-wheatfield-thunderclouds-yesil-inkvg-30ml52,Other,Visconti
van gogh mürekkep 30 ml cafe terrace-turuncu inkvg-30ml58,658,https://www.alwaysfashion.com/tr/visconti-van-gogh-murekkep-30-ml-cafe-terrace-turuncu-inkvg-30ml58,Other,Visconti
van gogh cafe terrace at night roller kalem kp12-18-rb,11750,https://www.alwaysfashion.com/tr/visconti-van-gogh-cafe-terrace-at-night-roller-kalem-kp12-18-rb,Rollerball Pen,Visconti
universal travelling mürekkep şişesi-siyah 533l,4700,https://www.alwaysfashion.com/tr/visconti-universal-travelling-murekkep-sisesi-siyah-533l,Other,Visconti
van gogh oiran dolma kalem kp12-22-fp,13630,https://www.alwaysfashion.com/tr/visconti-van-gogh-oiran-dolma-kalem-kp12-22-fp,Fountain Pen,Visconti
van gogh oiran roller kalem kp12-22-rb,11750,https://www.alwaysfashion.com/tr/visconti-van-gogh-oiran-roller-kalem-kp12-22-rb,Rollerball Pen,Visconti
50 ml mavi mürekkep ink202201,1316,https://www.alwaysfashion.com/tr/visconti-50-ml-mavi-murekkep-ink202201,Other,Visconti
50 ml yeşil mürekkep ink202202,1316,https://www.alwaysfashion.com/tr/visconti-50-ml-yesil-murekkep-ink202202,Other,Visconti
50 ml kırmızı mürekkep ink202203,1316,https://www.alwaysfashion.com/tr/visconti-50-ml-kirmizi-murekkep-ink202203,Other,Visconti
50 ml sepia mürekkep ink202204,1316,https://www.alwaysfashion.com/tr/visconti-50-ml-sepia-murekkep-ink202204,Other,Visconti
50 ml siyah mürekkep ink202206,1316,https://www.alwaysfashion.com/tr/visconti-50-ml-siyah-murekkep-ink202206,Other,Visconti
van gogh şişe mürekkep oiran 30 ml ruby inkvg-30ml62,658,https://www.alwaysfashion.com/tr/visconti-van-gogh-sise-murekkep-oiran-30-ml-ruby-inkvg-30ml62,Other,Visconti
van gogh şişe mürekkep novel reader 30 ml lime inkvg-30ml61,658,https://www.alwaysfashion.com/tr/visconti-van-gogh-sise-murekkep-novel-reader-30-ml-lime-inkvg-30ml61,Other,Visconti
van gogh şişe mürekkep sun flowers 30 ml sarı inkvg-30ml54,658,https://www.alwaysfashion.com/tr/visconti-van-gogh-sise-murekkep-sun-flowers-30-ml-sari-inkvg-30ml54,Other,Visconti
van gogh şişe mürekkep red vineyard 30 ml turuncu inkvg-30ml40,658,https://www.alwaysfashion.com/tr/visconti-van-gogh-sise-murekkep-red-vineyard-30-ml-turuncu-inkvg-30ml40,Other,Visconti
van gogh şişe mürekkep portrait blue 30 ml açık mavi inkvg-30ml25,658,https://www.alwaysfashion.com/tr/visconti-van-gogh-sise-murekkep-portrait-blue-30-ml-acik-mavi-inkvg-30ml25,Other,Visconti
van gogh şişe mürekkep starry night 30 ml mavi inkvg-30ml18,658,https://www.alwaysfashion.com/tr/visconti-van-gogh-sise-murekkep-starry-night-30-ml-mavi-inkvg-30ml18,Other,Visconti
mürekkep 50 ml turkuaz ink202205,1316,https://www.alwaysfashion.com/tr/visconti-murekkep-50-ml-turkuaz-ink202205,Other,Visconti
van gogh sun flowers rollerball kalem kp12-05-rb,11750,https://www.alwaysfashion.com/tr/visconti-van-gogh-sun-flowers-rollerball-kalem-kp12-05-rb,Other,Visconti
van gogh sun flowers dolma kalem kp12-05-fp,13160,https://www.alwaysfashion.com/tr/visconti-van-gogh-sun-flowers-dolma-kalem-kp12-05-fp,Fountain Pen,Visconti
van gogh the novel reader rollerball kalem kp12-20-rb,11750,https://www.alwaysfashion.com/tr/visconti-van-gogh-the-novel-reader-rollerball-kalem-kp12-20-rb,Other,Visconti
10'lu kartuş siyah kr-cart-02,188,https://www.alwaysfashion.com/tr/visconti-10lu-kartus-siyah-kr-cart-02,Other,Visconti
mirage mythos afrodite dolma kalem kp07-14-fp,9400,https://www.alwaysfashion.com/tr/visconti-mirage-mythos-afrodite-dolma-kalem-kp07-14-fp,Fountain Pen,Visconti
mirage mythos zeus dolma kalem kp07-09-fp,9400,https://www.alwaysfashion.com/tr/visconti-mirage-mythos-zeus-dolma-kalem-kp07-09-fp,Fountain Pen,Visconti
mirage mythos apollo dolma kalem kp07-08-fp,9870,https://www.alwaysfashion.com/tr/visconti-mirage-mythos-apollo-dolma-kalem-kp07-08-fp,Fountain Pen,Visconti
kalemlik - 1 bölmeli kl40-01,5038,https://www.alwaysfashion.com/tr/visconti-kalemlik-1-bolmeli-kl40-01,Other,Visconti
kalemlik - 2 bölmeli kl40-02,5983,https://www.alwaysfashion.com/tr/visconti-kalemlik-2-bolmeli-kl40-02,Other,Visconti
kalemlik - 3 bölmeli kl40-03,7242,https://www.alwaysfashion.com/tr/visconti-kalemlik-3-bolmeli-kl40-03,Other,Visconti
kalemlik - 6 bölmeli kl40-06,8502,https://www.alwaysfashion.com/tr/visconti-kalemlik-6-bolmeli-kl40-06,Other,Visconti
kalemlik - 12 bölmeli kl40-12,11021,https://www.alwaysfashion.com/tr/visconti-kalemlik-12-bolmeli-kl40-12,Other,Visconti
comedia dolma kalem - f uç kp15-50-fp,10810,https://www.alwaysfashion.com/tr/visconti-comedia-dolma-kalem-f-uc-kp15-50-fp,Fountain Pen,Visconti
van gogh wheatfield with crows tükenmez kalem kp12-12-bp,10810,https://www.alwaysfashion.com/tr/visconti-van-gogh-wheatfield-with-crows-tukenmez-kalem-kp12-12-bp,Ballpoint Pen,Visconti
van gogh potato eaters dolma kalem kp12-24-fp,13160,https://www.alwaysfashion.com/tr/visconti-van-gogh-potato-eaters-dolma-kalem-kp12-24-fp,Fountain Pen,Visconti
van gogh potato eaters roller kalem kp12-24-rb,11750,https://www.alwaysfashion.com/tr/visconti-van-gogh-potato-eaters-roller-kalem-kp12-24-rb,Rollerball Pen,Visconti
van gogh potato eaters tükenmez kalem kp12-24-bp,10810,https://www.alwaysfashion.com/tr/visconti-van-gogh-potato-eaters-tukenmez-kalem-kp12-24-bp,Ballpoint Pen,Visconti
homo sapiens dark crystal dolma kalem - f uç kp15-20-01-fp,51700,https://www.alwaysfashion.com/tr/visconti-homo-sapiens-dark-crystal-dolma-kalem-f-uc-kp15-20-01-fp,Fountain Pen,Visconti
van gogh flowering plum orchard roller kalem kp12-23-rb,11750,https://www.alwaysfashion.com/tr/visconti-van-gogh-flowering-plum-orchard-roller-kalem-kp12-23-rb,Rollerball Pen,Visconti
homo sapiens bronze roller kalem 46702,22325,https://www.alwaysfashion.com/tr/visconti-homo-sapiens-bronze-roller-kalem-46702,Rollerball Pen,Visconti
mirage mythos apollo roller kalem kp07-08-rb,8460,https://www.alwaysfashion.com/tr/visconti-mirage-mythos-apollo-roller-kalem-kp07-08-rb,Rollerball Pen,Visconti
rembrandt-s black dolma kalem kp10-27-fp,9870,https://www.alwaysfashion.com/tr/visconti-rembrandt-s-black-dolma-kalem-kp10-27-fp,Fountain Pen,Visconti
rembrandt ivory dolma kalem kp10-07-fp,8460,https://www.alwaysfashion.com/tr/visconti-rembrandt-ivory-dolma-kalem-kp10-07-fp,Fountain Pen,Visconti
galileo galilei limited edition 188-100 dolma kalem kp59-01-fp m,272600,https://www.alwaysfashion.com/tr/visconti-galileo-galilei-limited-edition-188-100-dolma-kalem-kp59-01-fp-m,Fountain Pen,Visconti
year of the dragon limited edition 224-100 dolma kalem kp48-01-fp m,272600,https://www.alwaysfashion.com/tr/visconti-year-of-the-dragon-limited-edition-224-100-dolma-kalem-kp48-01-fp-m,Fountain Pen,Visconti
opera gold black dolma kalem kp42-03-fp,18330,https://www.alwaysfashion.com/tr/visconti-opera-gold-black-dolma-kalem-kp42-03-fp,Fountain Pen,Visconti
van gogh flowers plum dolma kalem kp12-23-fp v,13630,https://www.alwaysfashion.com/tr/visconti-van-gogh-flowers-plum-dolma-kalem-kp12-23-fp-v,Fountain Pen,Visconti
rembrandt ivory roller kalem kp10-07-rb,7990,https://www.alwaysfashion.com/tr/visconti-rembrandt-ivory-roller-kalem-kp10-07-rb,Rollerball Pen,Visconti
rembrandt ivory tükenmez kalem kp10-07-bp,7520,https://www.alwaysfashion.com/tr/visconti-rembrandt-ivory-tukenmez-kalem-kp10-07-bp,Ballpoint Pen,Visconti
mirage emerald tükenmez kalem kp09-05-bp,6580,https://www.alwaysfashion.com/tr/visconti-mirage-emerald-tukenmez-kalem-kp09-05-bp,Ballpoint Pen,Visconti
mirage mythos poseidon roller kalem kp07-16-rb,8930,https://www.alwaysfashion.com/tr/visconti-mirage-mythos-poseidon-roller-kalem-kp07-16-rb,Rollerball Pen,Visconti
mirage mythos poseidon dolma kalem kp07-16-fp,9870,https://www.alwaysfashion.com/tr/visconti-mirage-mythos-poseidon-dolma-kalem-kp07-16-fp,Fountain Pen,Visconti
mirage mythos athena dolma kalem kp07-15-fp,9400,https://www.alwaysfashion.com/tr/visconti-mirage-mythos-athena-dolma-kalem-kp07-15-fp,Fountain Pen,Visconti
mirage mythos afrodite roller kalem kp07-14-rb,8460,https://www.alwaysfashion.com/tr/visconti-mirage-mythos-afrodite-roller-kalem-kp07-14-rb,Rollerball Pen,Visconti
mirage mythos zeus roller kalem kp07-09-rb,8460,https://www.alwaysfashion.com/tr/visconti-mirage-mythos-zeus-roller-kalem-kp07-09-rb,Rollerball Pen,Visconti
divina elegance medium size dolma kalem 26771,38822,https://www.alwaysfashion.com/tr/visconti-divina-elegance-medium-size-dolma-kalem-1,Fountain Pen,Visconti
venus rose roller kalem 78401,11750,https://www.alwaysfashion.com/tr/visconti-venus-rose-roller-kalem,Rollerball Pen,Visconti
venus marbelized white roller kalem 78400,11750,https://www.alwaysfashion.com/tr/venus-marbelized-white-roller-kalem,Rollerball Pen,Visconti
michelangelo back to black tükenmez kalem 297tb02,10340,https://www.alwaysfashion.com/tr/michelangelo-back-to-black-tukenmez-kalem-297tb02,Ballpoint Pen,Visconti
van gogh portrait blue roller kalem kp12-01-rb,11750,https://www.alwaysfashion.com/tr/visconti-van-gogh-portrait-blue-roller-kalem-kp12-01-rb,Rollerball Pen,Visconti
rembrandt black roller kalem 48391,7990,https://www.alwaysfashion.com/tr/visconti-rembrandt-black-roller-kalem-48391,Rollerball Pen,Visconti
rembrandt black tükenmez kalem kp10-01-bp,7520,https://www.alwaysfashion.com/tr/visconti-rembrandt-black-tukenmez-kalem-kp10-01-bp,Ballpoint Pen,Visconti
rembrandt orange roller kalem 483nla,7990,https://www.alwaysfashion.com/tr/visconti-rembrandt-orange-roller-kalem-483nla,Rollerball Pen,Visconti
roller kalem siyah refill 0.7m a4002,235,https://www.alwaysfashion.com/tr/visconti-roller-kalem-siyah-refill-07m-a4002,Rollerball Pen,Visconti
roller kalem mavi refill 0.7m a4017,235,https://www.alwaysfashion.com/tr/visconti-roller-kalem-mavi-refill-07m-a4017,Rollerball Pen,Visconti
dolma kalem pompası a51,470,https://www.alwaysfashion.com/tr/visconti-dolma-kalem-pompasi-a51,Fountain Pen,Visconti
rembrandt dolma kalem pompası a05,329,https://www.alwaysfashion.com/tr/visconti-rembrandt-dolma-kalem-pompasi-a05,Fountain Pen,Visconti
the twelve tribes antika gümüş dolma kalem 61625,165910,https://www.alwaysfashion.com/tr/visconti-the-twelve-tribes-antika-gumus-dolma-kalem,Fountain Pen,Visconti
homo sapiens bronze tükenmez kalem 46802,17860,https://www.alwaysfashion.com/tr/visconti-homo-sapiens-bronze-tukenmez-kalem,Ballpoint Pen,Visconti
venus marbelized white dolma kalem 78300,12925,https://www.alwaysfashion.com/tr/venus-marbelized-white-dolma-kalem,Fountain Pen,Visconti
opera metal roadster roller kalem 738rl02,23970,https://www.alwaysfashion.com/tr/opera-metal-roadster-roller-kalem-738rl02,Rollerball Pen,Visconti
rembrandt mavi dolma kalem 48289,8460,https://www.alwaysfashion.com/tr/visconti-rembrandt-mavi-dolma-kalem-kp10-02-fp,Fountain Pen,Visconti
van gogh vineyard red roller kalem kp12-09-rb,11750,https://www.alwaysfashion.com/tr/visconti-van-gogh-vineyard-red-roller-kalem-kp12-09-rb,Rollerball Pen,Visconti
van gogh vineyard red dolma kalem kp12-09-fp,13160,https://www.alwaysfashion.com/tr/visconti-van-gogh-vineyard-red-dolma-kalem-kp12-09-fp,Fountain Pen,Visconti
mirage horn dolma kalem kp09-03-fp,7520,https://www.alwaysfashion.com/tr/visconti-mirage-horn-dolma-kalem-kp09-03-fp,Fountain Pen,Visconti
mirage horn roller kalem kp09-03-rb,7050,https://www.alwaysfashion.com/tr/visconti-mirage-horn-roller-kalem-kp09-03-rb,Rollerball Pen,Visconti
mirage amber dolma kalem kp09-02-fp,7520,https://www.alwaysfashion.com/tr/visconti-mirage-amber-dolma-kalem-kp09-02-fp,Fountain Pen,Visconti
mirage amber roller kalem kp09-02-rb,7050,https://www.alwaysfashion.com/tr/visconti-mirage-amber-roller-kalem-kp09-02-rb,Rollerball Pen,Visconti
mirage night blue dolma kalem kp09-01-fp,7520,https://www.alwaysfashion.com/tr/visconti-mirage-night-blue-dolma-kalem-kp09-01-fp,Fountain Pen,Visconti
mirage emerald dolma kalem kp09-05-fp,7520,https://www.alwaysfashion.com/tr/visconti-mirage-emerald-dolma-kalem-kp09-05-fp,Fountain Pen,Visconti
rembrandt black dolma kalem 48291,8460,https://www.alwaysfashion.com/tr/visconti-rembrandt-black-dolma-kalem-48291,Fountain Pen,Visconti
homo sapiens dark age dolma kalem kp15-05-fp,43500,https://www.alwaysfashion.com/tr/visconti-homo-sapiens-dark-age-dolma-kalem-kp15-05-fp,Fountain Pen,Visconti
van gogh wheatfield under dolma kalem kp12-11-fp,13160,https://www.alwaysfashion.com/tr/visconti-van-gogh-wheatfield-under-dolma-kalem-kp12-11-fp,Fountain Pen,Visconti
homo sapiens bronze dolma kalem kp15-07-fp,41500,https://www.alwaysfashion.com/tr/visconti-homo-sapiens-bronze-dolma-kalem-kp15-07-fp,Fountain Pen,Visconti
türkiye dolma kalem 48200,15569,https://www.alwaysfashion.com/tr/visconti-turkiye-dolma-kalem-48200,Fountain Pen,Visconti
mirage coral roller kalem kp09-04-rb,7050,https://www.alwaysfashion.com/tr/visconti-mirage-coral-roller-kalem-kp09-04-rb,Rollerball Pen,Visconti
